JobTitle,Experience_Level,Total_Compensation
" Analyst","8 - 10 years",67800
" Brand Manager","5-7 years",86625
" CAP team","8 - 10 years",36520
" Cloud Architect ","21 - 30 years",182000
" Content Development Specialist","2 - 4 years",63500
" Controller ","8 - 10 years",112000
" Customer Solutions Manager","11 - 20 years",170000
" Foreman","2 - 4 years",22000
" Industrial Hygienist","21 - 30 years",178500
" Program Manager ","21 - 30 years",84000
" Senior DevOps Engineer","11 - 20 years",144100
" Senior Manager","21 - 30 years",1250000
" Technical Systems Administrator","11 - 20 years",60000
" Vendor Manager","21 - 30 years",150000
"3D Animator","5-7 years",50800
"3D Artist","11 - 20 years",81200
"3d artist","8 - 10 years",21000
"3D Character Artist","2 - 4 years",21000
"3D Project Coordinator","11 - 20 years",52000
"3rd line technical analyst","21 - 30 years",53000
"6-8 English as a Second Language Teacher","8 - 10 years",49008
"6th and 7th Grade Math Teacher","5-7 years",38000
"6th Grade ELA/History Teacher","8 - 10 years",51000
"6th grade teacher","5-7 years",58000
"7th grade ESOL Teacher","11 - 20 years",57400
"9-12 grade teacher","11 - 20 years",53900
"911 Dispatcher","11 - 20 years",88000
"A. R supervisor ","11 - 20 years",59000
A/R,"5-7 years",64000
"A/R Analyst","21 - 30 years",92000
"ABA instructional tutor","11 - 20 years",31000
"Academic Administrator","11 - 20 years",54000
"Academic Advising Coordinator","5-7 years",45000
"Academic Advisor","11 - 20 years",269000
"Academic Advisor","21 - 30 years",103000
"Academic Advisor","5-7 years",140750
"Academic Advisor","8 - 10 years",207000
"Academic Advisor ","11 - 20 years",65000
"Academic Advisor 3","11 - 20 years",50000
"Academic advisor and program coordinator","31 - 40 years",56000
"Academic Advisor I","11 - 20 years",38000
"Academic Communications","11 - 20 years",72000
"Academic Coordinator","11 - 20 years",102850
"Academic Coordinator","2 - 4 years",37500
"Academic Counselor","11 - 20 years",36050
"Academic Evaluations Specialist","5-7 years",62000
"Academic librarian","11 - 20 years",125000
"Academic Librarian","2 - 4 years",50
"Academic librarian","5-7 years",65000
"Academic Librarian","8 - 10 years",55000
"Academic Librarian ","11 - 20 years",48000
"academic librarian ","8 - 10 years",60000
"Academic Planner","8 - 10 years",72000
"Academic Services Coord","21 - 30 years",42700
"Academic Services Director","11 - 20 years",100000
"Academic success coach","21 - 30 years",53000
"Academic Success Coach","31 - 40 years",53000
"Academic Support Specialist","11 - 20 years",62400
"ACAT Associate","11 - 20 years",52000
"Access Services Manager","11 - 20 years",52000
"Accessibility Consultant","8 - 10 years",120000
"Accessibility Coordinator","5-7 years",63826
"Accessibility Engineer","2 - 4 years",182000
"Accessibility Engineer II","2 - 4 years",99000
"Accessibility lead","11 - 20 years",153000
"Account Administration Specialist","8 - 10 years",81000
"Account administrator","5-7 years",56500
"Account Administrator ","11 - 20 years",35540
"Account Based Marketing Manager","5-7 years",99000
"Account Coordinator","1 year or less",42000
"Account Coordinator ","2 - 4 years",91000
"Account Developer","2 - 4 years",66500
"Account Development Representative","5-7 years",64520
"Account Director","11 - 20 years",641000
"Account Director","21 - 30 years",147000
"Account Director","5-7 years",90000
"Account Director","8 - 10 years",131000
"Account Director ","11 - 20 years",47500
"Account Executive","11 - 20 years",658300
"Account Executive","2 - 4 years",298200
"Account Executive","5-7 years",787000
"Account Executive","8 - 10 years",818000
"Account executive ","11 - 20 years",623000
"Account Executive ","21 - 30 years",380000
"Account Executive ","5-7 years",212000
"Account Executive - Technology Sales","11 - 20 years",250000
"Account Executive II","11 - 20 years",73200
"Account Executive Officer","11 - 20 years",152000
"Account executive/broker","5-7 years",87500
"Account Executive/Office Manager","2 - 4 years",53000
"Account handler ","11 - 20 years",25600
"Account Lead","8 - 10 years",86000
"Account Management Director","21 - 30 years",165000
"Account management0","5-7 years",61000
"Account Manager","1 year or less",90000
"Account Manager","11 - 20 years",1485000
"Account manager","2 - 4 years",544650
"Account Manager","21 - 30 years",202067
"Account Manager","31 - 40 years",82830
"Account Manager","41 years or more",238000
"Account Manager","5-7 years",1052300
"account manager","8 - 10 years",1171500
"Account Manager ","11 - 20 years",580200
"Account Manager ","2 - 4 years",116000
"Account Manager ","5-7 years",100000
"Account Manager ","8 - 10 years",81000
"Account Manager (Display/Social)","2 - 4 years",33000
"Account officer","8 - 10 years",50000
"Account Operations Professional","11 - 20 years",57300
"Account Payable","8 - 10 years",35000
"Account Receivable Specialist","11 - 20 years",39500
"Account Representative","11 - 20 years",38000
"Account Representative","21 - 30 years",55260
"Account Representative - Editorial","11 - 20 years",62000
"Account Services Representative ","5-7 years",42000
"Account Specialist","11 - 20 years",55000
"Account Specialist","5-7 years",69000
"Account Supervisor","11 - 20 years",178800
"Account Supervisor","2 - 4 years",98000
"Account Supervisor","31 - 40 years",100000
"Account Supervisor","5-7 years",85000
"Account Supervisor","8 - 10 years",72500
"Account Supervisor ","8 - 10 years",90000
"Account Supervisor- PR","8 - 10 years",75000
Accountant,"11 - 20 years",317750
Accountant,"2 - 4 years",199600
Accountant,"21 - 30 years",564000
Accountant,"31 - 40 years",61000
Accountant,"5-7 years",368198
Accountant,"8 - 10 years",238500
"Accountant ","1 year or less",45000
"Accountant ","11 - 20 years",163800
"Accountant ","2 - 4 years",100400
"Accountant ","21 - 30 years",25000
"Accountant ","8 - 10 years",84000
"Accountant 1","5-7 years",45000
"Accountant II","11 - 20 years",138500
"Accountant III","21 - 30 years",56409
Accountant/Auditor,"21 - 30 years",60000
Accounting,"11 - 20 years",48500
Accounting,"5-7 years",40520
"Accounting  Tech","31 - 40 years",49355
"Accounting & AP Specialist","21 - 30 years",53000
"ACCOUNTING ADMIN","5-7 years",41600
"Accounting Analyst","11 - 20 years",47861
"Accounting Analyst","5-7 years",144360
"Accounting Analyst ","8 - 10 years",82500
"Accounting and Administration Worker","2 - 4 years",28800
"Accounting and Finance Manager","21 - 30 years",96000
"Accounting Assistant","5-7 years",104500
"Accounting Assistant ","2 - 4 years",38000
"Accounting assistant ","5-7 years",61000
"Accounting Assistant ","8 - 10 years",45000
"Accounting Associate","1 year or less",120000
"Accounting Associate (temp)","8 - 10 years",37000
"Accounting Clerk","2 - 4 years",37200
"Accounting Clerk","31 - 40 years",49840
"Accounting Clerk","8 - 10 years",103000
"Accounting Clerk ","21 - 30 years",34632
"Accounting Clerk I","8 - 10 years",39844
"Accounting Clerk/Sales Coordinator","8 - 10 years",29120
"Accounting Consultant","11 - 20 years",147709
"Accounting Coordinator","5-7 years",54000
"Accounting Director","11 - 20 years",155000
"Accounting Intern","1 year or less",30160
"Accounting Manager","11 - 20 years",1759580
"Accounting Manager","21 - 30 years",606000
"Accounting Manager","31 - 40 years",191000
"Accounting Manager","5-7 years",425600
"Accounting Manager","8 - 10 years",572500
"Accounting Manager ","21 - 30 years",108000
"Accounting manager ","31 - 40 years",80000
"accounting specialist","21 - 30 years",40000
"Accounting Specialist","5-7 years",91125
"Accounting Specialist","8 - 10 years",45000
"Accounting Specialist / H.R. Assistant","2 - 4 years",60000
"Accounting supervisor","11 - 20 years",75000
"Accounting Supervisor","21 - 30 years",68200
"Accounting Supervisor","8 - 10 years",125000
"Accounting Supervisor ","21 - 30 years",83600
"accounting support","8 - 10 years",44520
Accounting/Operations,"31 - 40 years",55500
"Accounts Executive","11 - 20 years",50700
"Accounts Manager","11 - 20 years",49025
"Accounts manager ","11 - 20 years",85000
"Accounts Payable","31 - 40 years",55000
"Accounts Payable","5-7 years",57000
"Accounts Payable ","8 - 10 years",41000
"Accounts Payable Administrator","2 - 4 years",53500
"Accounts payable Analyst ","21 - 30 years",91900
"Accounts Payable Clerk","11 - 20 years",43680
"Accounts Payable Manager","11 - 20 years",435300
"Accounts Payable Manager","8 - 10 years",101500
"Accounts Payable Manager/Junior Accountant","11 - 20 years",45000
"Accounts Payable Processor","5-7 years",40000
"Accounts Payable Specialist","11 - 20 years",52000
"Accounts Payable Specialist","21 - 30 years",80000
"Accounts Payable Specialist/Cost Accountant","11 - 20 years",52000
"Accounts Payable Supervisor","11 - 20 years",27500
"Accounts Payable Supervisor","21 - 30 years",75000
"Accounts Payable Supervisor","31 - 40 years",90000
"Accounts Payable/Accounts Receivable","5-7 years",27000
"Accounts Payable/Receivable Clerk","2 - 4 years",38700
"Accounts payables operations analyst","11 - 20 years",45000
"Accounts Receivable","5-7 years",97000
"Accounts receivable admin","8 - 10 years",35500
"Accounts Receivable Associate","31 - 40 years",48500
"Accounts receivable manager","8 - 10 years",67000
"Accounts receivable specialist","11 - 20 years",35000
"Accounts Receivable Specialist","5-7 years",45000
"Accounts receivable supervisor","31 - 40 years",62500
"Accounts Receivable/Accounts Payable","11 - 20 years",49260
"Accounts Trainee","2 - 4 years",27250
"Acquisition Editor","8 - 10 years",63000
"Acquisition program manager","2 - 4 years",61000
"Acquisitions Editor","5-7 years",72000
"Acquisitions Editor","8 - 10 years",128100
"Acquisitions Editor ","5-7 years",61000
"acquisitions editor/book editor","11 - 20 years",73000
"Acquistions and Development Manager","31 - 40 years",119000
"Active Treatment Coordinator","5-7 years",66000
"Activities Coordinator","2 - 4 years",54600
"Activities Coordinator ","8 - 10 years",34800
actor,"21 - 30 years",39000
"Actuarial analyst","1 year or less",47000
"Actuarial analyst","11 - 20 years",22000
"Actuarial Analyst","2 - 4 years",350000
"Actuarial Analyst","5-7 years",215225
"Actuarial associate ","8 - 10 years",108500
"Actuarial consultant","21 - 30 years",210000
"Actuarial Consultant","5-7 years",120000
"Actuarial developer","5-7 years",128000
"Actuarial Director","11 - 20 years",185000
"Actuarial Manager","5-7 years",143000
"Actuarial Pricing Manager","11 - 20 years",141204
"Actuarial specialist","2 - 4 years",1045000
Actuary,"11 - 20 years",245500
Actuary,"31 - 40 years",173500
Actuary,"5-7 years",126500
"Actuary 1","2 - 4 years",62000
acupuncturist,"11 - 20 years",110000
"Ad policy manager","11 - 20 years",150000
"Additive Design Engineer","5-7 years",85000
"Adivsor & Program Coordinator","5-7 years",45000
"Adjudication Specialist","8 - 10 years",69500
Adjunct,"5-7 years",20000
"Adjunct ESOL Instructor","21 - 30 years",45000
"Adjunct Faculty Librarian","11 - 20 years",97000
"Adjunct instructor","11 - 20 years",147750
"Adjunct Instructor","2 - 4 years",34200
"Adjunct Instructor","21 - 30 years",60000
"Adjunct instructor","8 - 10 years",48850
"Adjunct Professor","11 - 20 years",30000
"Adjunct professor","8 - 10 years",36000
Adjuster,"2 - 4 years",54000
Adjuster,"21 - 30 years",64000
"Adjuster and Analyst","5-7 years",76000
Admin,"1 year or less",36900
Admin,"11 - 20 years",34580
Admin,"2 - 4 years",61400
Admin,"31 - 40 years",53500
Admin,"5-7 years",21500
"Admin / Data Entry","8 - 10 years",57000
"Admin / Student Services ","11 - 20 years",42000
"Admin & accounting","41 years or more",45000
"Admin Assistant","11 - 20 years",78400
"Admin Assistant","31 - 40 years",52000
"Admin Assistant","5-7 years",90193
"Admin Assistant","8 - 10 years",90740
"Admin assistant ","21 - 30 years",60000
"Admin Assistant ","8 - 10 years",33480
"Admin Assistant II","5-7 years",55224
"Admin Assistant III","11 - 20 years",50000
"Admin Asst","5-7 years",42000
"Admin Asst to VP and Development","31 - 40 years",41000
"Admin Asst/Tech Writer","41 years or more",38250
"Admin Director ","8 - 10 years",42500
"Admin Management Coord","11 - 20 years",44640
"Admin Manager","5-7 years",26500
"Admin Support","2 - 4 years",18500
"Admin support","8 - 10 years",65200
"Admin Team Leader","11 - 20 years",29000
"Admin. Assistant","5-7 years",35000
"Admin. Assistant ","11 - 20 years",30000
"Admin/Assistant/Broker Support","5-7 years",72040
"Administratie assistant/associate","21 - 30 years",35000
Administration,"2 - 4 years",47500
"Administration ","21 - 30 years",145500
"Administration ","5-7 years",104000
"Administration and Logistics Support Assistant","1 year or less",16000
"Administration Director","21 - 30 years",83000
Administrative,"21 - 30 years",42500
"Administrative & Operations Manager ","11 - 20 years",135000
"Administrative Analyst II","31 - 40 years",99000
"Administrative Analyst II","8 - 10 years",124155
"Administrative and Communications Assistant","5-7 years",58000
"Administrative and Data Coordinator","5-7 years",46000
"Administrative Assistant","11 - 20 years",1017484
"Administrative Assistant","2 - 4 years",261144
"Administrative Assistant","21 - 30 years",415710
"Administrative Assistant","31 - 40 years",176680
"Administrative Assistant","5-7 years",670122
"Administrative Assistant","8 - 10 years",618990
"Administrative assistant ","11 - 20 years",456900
"Administrative Assistant ","2 - 4 years",184050
"Administrative Assistant ","21 - 30 years",193483
"Administrative Assistant ","31 - 40 years",96000
"Administrative Assistant ","5-7 years",115000
"Administrative Assistant ","8 - 10 years",91000
"Administrative Assistant - HR","11 - 20 years",46450
"Administrative Assistant - Intermediate","21 - 30 years",43618
"Administrative assistant (part time)","2 - 4 years",15000
"Administrative Assistant / Marketing Coordinator","8 - 10 years",53000
"Administrative Assistant & Systems Analyst","8 - 10 years",35700
"Administrative Assistant 3","11 - 20 years",101840
"Administrative Assistant I","41 years or more",53000
"Administrative Assistant II","11 - 20 years",127362
"Administrative Assistant II","2 - 4 years",35000
"administrative assistant II","21 - 30 years",50003
"Administrative Assistant III","21 - 30 years",47250
"Administrative Assistant IV","21 - 30 years",45760
"Administrative Assistant: English Instructor","11 - 20 years",31000
"Administrative assistant/ client service specialist ","11 - 20 years",52000
"Administrative Associate","11 - 20 years",87000
"Administrative Associate","5-7 years",49500
"Administrative Associate ","11 - 20 years",55000
"Administrative Asst. ","11 - 20 years",55000
"Administrative Contracting Officer","11 - 20 years",96500
"Administrative Coordinator","1 year or less",44000
"Administrative Coordinator","11 - 20 years",167462
"Administrative Coordinator","2 - 4 years",48500
"Administrative Coordinator","21 - 30 years",165520
"Administrative Coordinator","31 - 40 years",71700
"Administrative Coordinator","5-7 years",135520
"Administrative Coordinator","8 - 10 years",102000
"Administrative Coordinator ","11 - 20 years",118870
"Administrative Coordinator ","21 - 30 years",68000
"Administrative Director","11 - 20 years",71000
"Administrative Director","21 - 30 years",34320
"Administrative Judge","31 - 40 years",190000
"Administrative justice ","11 - 20 years",135000
"Administrative Law Judge","21 - 30 years",109500
"Administrative Law Specialist","11 - 20 years",125364
"Administrative Librarian","21 - 30 years",243302
"Administrative Manager","11 - 20 years",273190
"Administrative Manager","21 - 30 years",117000
"Administrative Manager","5-7 years",60000
"Administrative Manager","8 - 10 years",55000
"Administrative Manager for Education","8 - 10 years",40798
"Administrative Office Associate","31 - 40 years",62100
"Administrative Officer","21 - 30 years",117000
"Administrative Officer","8 - 10 years",80647
"Administrative Officer ","11 - 20 years",55214
"Administrative Program Specialist","11 - 20 years",61500
"Administrative Secretary","11 - 20 years",52000
"Administrative Services","21 - 30 years",63500
"Administrative Services Coordinator","11 - 20 years",52000
"Administrative Services Manager","11 - 20 years",66300
"Administrative Services Manager","31 - 40 years",87000
"Administrative Services Team Lead","21 - 30 years",63000
"Administrative Social Work Supervisor ","21 - 30 years",70000
"Administrative Specialist","11 - 20 years",45000
"Administrative Specialist","2 - 4 years",50500
"Administrative Specialist","21 - 30 years",125000
"Administrative Specialist","31 - 40 years",32676
"Administrative Specialist","5-7 years",102184
"Administrative Specialist","8 - 10 years",155500
"Administrative Staff Assistant","11 - 20 years",82000
"Administrative Supervisor","21 - 30 years",84962
"Administrative Support","11 - 20 years",51454
"Administrative Support ","11 - 20 years",58000
"Administrative Support Assistant","2 - 4 years",39940
"Administrative Support Assistant 4","21 - 30 years",47196
"Administrative Support Specialist","11 - 20 years",48000
"Administrative Support Specialist","21 - 30 years",46845
"Administrative Systems Analyst","21 - 30 years",51500
"Administrative Team Lead","11 - 20 years",25000
"Administrative Technician ","11 - 20 years",81000
"Administrative Technician III","11 - 20 years",40367
Administrator,"11 - 20 years",250700
Administrator,"2 - 4 years",138500
Administrator,"21 - 30 years",272257
Administrator,"31 - 40 years",104000
Administrator,"5-7 years",333042
"Administrator ","11 - 20 years",70000
"Administrator ","5-7 years",52234
"Administrator ","8 - 10 years",24000
"Administrator III","11 - 20 years",65000
"Administrator IV","11 - 20 years",89000
"Adminitrative Assistant","5-7 years",54500
"Admission Counselor","8 - 10 years",58000
"Admission Director","11 - 20 years",105000
"Admission Prospect Data Specialist","5-7 years",36000
"Admission Specialist","5-7 years",31200
Admissions,"21 - 30 years",37000
"Admissions & Financial Aid Counselor","11 - 20 years",65000
"Admissions Advisor","1 year or less",52500
"Admissions Advisor","8 - 10 years",108100
"Admissions Assessor ","21 - 30 years",74482
"admissions communications","21 - 30 years",50000
"Admissions Coordinator","11 - 20 years",79000
"Admissions Coordinator","5-7 years",36000
"Admissions Coordinator ","2 - 4 years",45000
"Admissions Counselor","2 - 4 years",42000
"Admissions Rep","21 - 30 years",165000
"Admitting ","5-7 years",44000
"Adult Education Coordinator","11 - 20 years",42000
"Adult Education Teacher","5-7 years",40000
"Adult Public Services Manager","21 - 30 years",60000
"Adult Services Librarian","11 - 20 years",62000
"Adult Services Librarian","5-7 years",36280
"Adult Services Librarian","8 - 10 years",107100
"Adult Services Manager","21 - 30 years",81000
"Adult Services Manager","8 - 10 years",52000
"Advanced Analytical Chemist ","5-7 years",37500
"Advanced Analytics Developer","11 - 20 years",105000
"Advanced EMT","21 - 30 years",40475
"Advanced Geophysicist ","11 - 20 years",46500
"Advanced Lead Engineer","11 - 20 years",103000
"Advanced Research Associate","5-7 years",55000
"Advanced Specialist Speech and Language Therapist","8 - 10 years",40894
"Advanced Systems Administrator","11 - 20 years",140000
"Advancement Accounting Assistant","8 - 10 years",40575
"advancement coordinator","2 - 4 years",47000
"Advertising Account Executive","5-7 years",34200
"Advertising and Events Manager","11 - 20 years",78800
"Advertising/Sales Promotion Coordinator","5-7 years",46680
"Advice Caseworker","11 - 20 years",25000
"Advice worker","11 - 20 years",23000
"Advising Dean","11 - 20 years",72500
Advisor,"11 - 20 years",108000
"Advisor ","5-7 years",87500
"Advisor Associate","2 - 4 years",77000
"Advisor to a minister","8 - 10 years",63600
"Advisory analyst","2 - 4 years",59500
"Advisory Analyst ","1 year or less",44000
"Advisory Manager","8 - 10 years",125000
"Advisory Software Engineer","21 - 30 years",138000
"Advocacy and Outreach Associate","2 - 4 years",58000
"Advocacy Manager","5-7 years",55000
"Advocate ","8 - 10 years",50000
"Aerospace Design Engineer","11 - 20 years",77000
"Aerospace Engineer","11 - 20 years",223000
"Aerospace Engineer","2 - 4 years",156000
"aerospace engineer","21 - 30 years",108870
"AEROSPACE ENGINEER","41 years or more",120000
"Aerospace Engineer","5-7 years",225500
"Aerospace engineer","8 - 10 years",105000
"Aerospace engineer ","5-7 years",104000
"aerospace machinist ","11 - 20 years",85400
"Aerospace Planning Analyst","8 - 10 years",72300
"Affiliate account manager ","2 - 4 years",115000
"Affiliate Recruiter","2 - 4 years",50050
"Affordable Housing Manager","8 - 10 years",67000
"After School Program Leader","8 - 10 years",27000
"Aftermarket Sales Manager","8 - 10 years",53980
"Agency Attorney","5-7 years",86400
"Agency Attorney","8 - 10 years",91000
"Agency Buyer","5-7 years",39000
"Agency Cost Allocation Accountant","31 - 40 years",70720
"Agency Recruiter ","2 - 4 years",73000
"Agent ","11 - 20 years",29000
"Aggregation Quality Analyst","5-7 years",63120
"Agile Coach","11 - 20 years",193000
"Agile Coach","21 - 30 years",166000
"Agile Coach","31 - 40 years",100000
"Agile Journey Owner","21 - 30 years",157000
"Agile Project Management","11 - 20 years",94000
"Agile team lead","11 - 20 years",106000
AGM,"11 - 20 years",130000
"Agricultural Supply line Negotiating consultant","2 - 4 years",1160000
Agriculturist,"11 - 20 years",120000
"Agronomist ","2 - 4 years",97500
"AI consultant","8 - 10 years",133500
"Air Export Supervisor","8 - 10 years",66500
"Air Force Fighter Pilot","11 - 20 years",169000
"Air Traffic Control Specialist","5-7 years",105000
"Air Traffic Controller","21 - 30 years",215000
"Air traffic controller ","2 - 4 years",217000
"Aircraft Dispatcher","8 - 10 years",150000
"Aircraft Maintenance Technician","5-7 years",57080
"Airline Operations","8 - 10 years",62000
"Airport Security Officer","2 - 4 years",40000
"Airworthiness Engineer","21 - 30 years",93000
"All Source Intelligence Analyst ","8 - 10 years",110000
"Alliance Manager","8 - 10 years",104400
"Alumni Relations Coordinator","5-7 years",72000
"Alumni Relations Officer","11 - 20 years",60380
"Alumni Relations Officer","2 - 4 years",63140
"Amazon Timekeeping HR Admin","2 - 4 years",1002000
"Ambulatory care pharmacist","8 - 10 years",161810
Analyst,"1 year or less",888700
analyst,"11 - 20 years",2279256
Analyst,"2 - 4 years",911290
Analyst,"21 - 30 years",382000
Analyst,"5-7 years",884100
Analyst,"8 - 10 years",731080
"Analyst ","11 - 20 years",309000
"Analyst ","2 - 4 years",42000
"Analyst ","5-7 years",81000
"Analyst II","2 - 4 years",78000
"Analyst Manager","8 - 10 years",71500
"Analyst programmer","21 - 30 years",51500
"Analyst, principal ","8 - 10 years",181000
"Analyst/ Supervisor","2 - 4 years",91000
"Analyst/Technical Account Manager","11 - 20 years",85000
"Analysts ","21 - 30 years",175000
"Analytic Consultant","21 - 30 years",100000
"Analytic Science Specialist","2 - 4 years",105000
"Analytical Assistant Team Supervisor","8 - 10 years",65877
"Analytical Biologist","8 - 10 years",102000
"Analytical Investigator","11 - 20 years",70000
"Analytical Linguist","5-7 years",145000
"Analytical technical services manager","8 - 10 years",75000
Analytics,"11 - 20 years",180000
"Analytics Engineer","11 - 20 years",108000
"Analytics Manager","11 - 20 years",275000
"Analytics Manager","2 - 4 years",73000
"Analytics Manager","5-7 years",703000
"Analytics Manager","8 - 10 years",595600
"Analytics Manager Sr","8 - 10 years",157500
"Analytics Manager, Strategic Planning","21 - 30 years",91000
"Analytics Specialist","11 - 20 years",132500
"Android Engineer","2 - 4 years",92500
Anesthesiologist,"5-7 years",300000
"Animal Care and Research Technician ","11 - 20 years",45000
"Animal care technician","2 - 4 years",53300
"Animal Care Worker","11 - 20 years",26200
"Animal Caregiver","5-7 years",25010
"Animal Control Officer","11 - 20 years",82908
"Animal Curator","21 - 30 years",50000
"Animal keeper","21 - 30 years",32000
Animator,"5-7 years",68000
"Annual Fund and Database Manager","11 - 20 years",52500
"Annual Fund Manager","11 - 20 years",108250
"Annual Fund Manager","8 - 10 years",66000
"AP Senior Anaylst","11 - 20 years",68151
"AP/Payroll coordinator","21 - 30 years",41350
"APAC Digital Marketing Specialist","8 - 10 years",126500
"Apparel Designer","8 - 10 years",95000
"Apparel Technical Designer","5-7 years",52100
"Apparel technical designer","8 - 10 years",151000
"Appeal adjudicator","11 - 20 years",50560
"Appellate attorney","11 - 20 years",77586
"Appellate Judicial Law Clerk","2 - 4 years",68000
"Apple Technology Specialist","11 - 20 years",29120
"Appliance specialist","31 - 40 years",33530
"Application Analyst","1 year or less",60000
"Application Analyst","11 - 20 years",250000
"Application Architect","11 - 20 years",162000
"Application Consultant ","21 - 30 years",85000
"Application Developer","2 - 4 years",99000
"Application Developer","21 - 30 years",82000
"Application Developer","5-7 years",74750
"Application Developer","8 - 10 years",160780
"Application Developer Senior","31 - 40 years",167000
"Application Development Analyst","1 year or less",73625
"Application Development Analyst","2 - 4 years",59500
"Application Engineer","8 - 10 years",89200
"Application Engineer Lead","31 - 40 years",110000
"Application Portfolio Manager","11 - 20 years",109000
"Application Specialist","21 - 30 years",107500
"Application Support Analyst","8 - 10 years",42500
"Application Support Engineer","11 - 20 years",157000
"Application Support Engineer","8 - 10 years",67275
"Application Support Engineer Expert","21 - 30 years",50500
"Application Support Manager","11 - 20 years",127000
"Application Support Manager","21 - 30 years",94000
"Application Support Specialist","11 - 20 years",55000
"Application Support Specialist II","11 - 20 years",85000
"Application Support Technician II","21 - 30 years",67500
"Application Systems Analyst","11 - 20 years",70500
"Application Technica Analyst","11 - 20 years",89000
"Application Trainer Advanced ","11 - 20 years",49500
"Application Trainer Advanved ","11 - 20 years",49500
"Applications Administrator","21 - 30 years",74500
"Applications Developer","31 - 40 years",123400
"Applications Engineer","2 - 4 years",96000
"Applications Engineer","5-7 years",191193
"Applied cryptographer","2 - 4 years",165100
"Applied Data Scientist","1 year or less",75000
"appraiser assistant","8 - 10 years",56000
"Apprentice business administrator ","1 year or less",18500
"Apprentice Finish Carpenter","2 - 4 years",36500
"Apprentice Mechanic for Construction Machinery","2 - 4 years",11900
"Apprentice Technical Systems Analyst","2 - 4 years",25000
APRN,"2 - 4 years",118000
Aquarist,"5-7 years",35100
"Aquatic Supervisor","21 - 30 years",76000
"Aquatics Director","5-7 years",67000
"Aquatics Director ","8 - 10 years",47000
"AR Administrative Assistant","2 - 4 years",43638
"AR Collector","11 - 20 years",32240
"AR Manager","21 - 30 years",53000
"AR Systems Specialist","11 - 20 years",62000
"Arbitration Rep","5-7 years",56000
Arborist,"2 - 4 years",48000
Archaeologist,"11 - 20 years",162583
Archaeologist,"21 - 30 years",56388
Archaeologist,"5-7 years",187000
"Archaeologist ","11 - 20 years",78000
Architect,"11 - 20 years",630958
Architect,"2 - 4 years",156000
Architect,"21 - 30 years",120000
Architect,"5-7 years",35000
Architect,"8 - 10 years",181000
"Architect ","11 - 20 years",345000
"Architect ","8 - 10 years",90000
"Architect, Quality Engineering","8 - 10 years",142500
"Architect, Senior Project Manager ","11 - 20 years",115000
"Architectural Associate","11 - 20 years",58000
"Architectural Designer","2 - 4 years",193100
"Architectural Designer","21 - 30 years",61500
"Architectural Designer","5-7 years",130772
"Architectural Designer","8 - 10 years",55000
"Architectural Designer ","2 - 4 years",58000
"Architectural Drafting Technician II","11 - 20 years",64215
"Architectural Historian","2 - 4 years",41000
"Architectural intern","2 - 4 years",46000
"Architectural Project Coordinator ","2 - 4 years",60000
"Architectural Project Manager","21 - 30 years",77000
"Architectural Project Manager/Designer","8 - 10 years",79000
"Architectural Technologist","5-7 years",58000
"Architectural Technologist","8 - 10 years",47775
"Archive Assistant","11 - 20 years",21179
"Archive photo manager","2 - 4 years",28000
"Archives & Records Manager","11 - 20 years",52000
"Archives assistant","11 - 20 years",24000
"Archives Assistant","5-7 years",37500
"Archives Supervisor","31 - 40 years",97282
"Archives technician","8 - 10 years",37000
Archivist,"11 - 20 years",521005
Archivist,"21 - 30 years",194400
Archivist,"5-7 years",132740
Archivist,"8 - 10 years",242400
"Archivist ","5-7 years",96322
"Archivist -- Project Manager","5-7 years",70000
"Archivist/Records Manager","8 - 10 years",55000
"Area Coordinator ","8 - 10 years",108796
"Area Director of Revenue Management","11 - 20 years",90000
"Area Lead Process Engineer","11 - 20 years",132000
"Area Manager","11 - 20 years",305000
"Area Manager","2 - 4 years",144400
"Area Manager","5-7 years",55000
"Area Retail Sales Manager","5-7 years",98000
"Area Sales Manager","8 - 10 years",75500
"Armored Car Driver","8 - 10 years",36112
ARNP,"11 - 20 years",142500
"Art Curator and Professor","8 - 10 years",410000
"Art Director","11 - 20 years",414804
"Art Director","2 - 4 years",49600
"Art Director","21 - 30 years",230000
"Art Director","5-7 years",185000
"Art Director ","21 - 30 years",82500
"Art Director of (sub category)","11 - 20 years",315000
"Art Gallery Manager ","2 - 4 years",50000
"Art teacher","11 - 20 years",43800
"Art-in-Architecture Manager","31 - 40 years",93132
"Articling Student","1 year or less",65500
"Articling Student","2 - 4 years",88400
"Artist Manager","11 - 20 years",67000
"Artist Relations & Communications Manager","5-7 years",57000
"Artistic Director","21 - 30 years",42000
"Artistic Planning Manager","5-7 years",41500
"Arts Director","11 - 20 years",120000
"Arts Education Director","2 - 4 years",19100
"Arts Producer","8 - 10 years",72000
"Asia Pacific Sales Manager","5-7 years",75000
"Asisstant Professor","11 - 20 years",68000
"ASL Interpreter and Transcriber","11 - 20 years",62000
"assembly worker","41 years or more",43476
"Assessment Associate","5-7 years",58500
"Assessment Coordinator","11 - 20 years",45000
"Assessment Coordinator","21 - 30 years",110000
"Assessment Coordinator/Analyst","5-7 years",49275
"Assessment Developer ","11 - 20 years",83500
"Assessment officer","2 - 4 years",72399
"Asset Analyst","5-7 years",47761
"Asset Forfeiture Specialist","2 - 4 years",57100
"Asset Inspector","21 - 30 years",70500
"Asset manager","11 - 20 years",78000
"Asset Manager","8 - 10 years",75000
"Asset Protection ","11 - 20 years",45760
"Asset Protection ","31 - 40 years",34200
Assistant,"11 - 20 years",69280
Assistant,"2 - 4 years",35300
Assistant,"21 - 30 years",74000
Assistant,"5-7 years",97000
Assistant,"8 - 10 years",15900
"Assistant ","21 - 30 years",53376
"Assistant ","5-7 years",65000
"Assistant ","8 - 10 years",28000
"Assistant Account Executive","1 year or less",58500
"Assistant Account Executive ","5-7 years",48000
"assistant accountant","11 - 20 years",32000
"Assistant Actuary","11 - 20 years",126500
"Assistant Administrator","11 - 20 years",62063
"Assistant Analyst","2 - 4 years",52000
"Assistant Archivist","2 - 4 years",26000
"Assistant Attorney General","2 - 4 years",70019
"Assistant Attorney General","8 - 10 years",160500
"Assistant Bank Manager","5-7 years",71000
"Assistant Bookkeeper","11 - 20 years",36150
"Assistant Branch Manager","11 - 20 years",115375
"Assistant Branch Manager","5-7 years",104145
"Assistant Branch Manager ","2 - 4 years",51750
"Assistant Brand Manager","5-7 years",80000
"Assistant Buyer","2 - 4 years",111000
"Assistant Buyer","5-7 years",57500
"Assistant Center Store Manager","11 - 20 years",44000
"Assistant Center Store Manager","5-7 years",36000
"Assistant Character Designer","8 - 10 years",52000
"Assistant city attorney","21 - 30 years",84400
"Assistant Clinical Professor of Law","11 - 20 years",115000
"Assistant Commissioner","11 - 20 years",90000
"Assistant commissioner ","11 - 20 years",62000
"assistant communications director","11 - 20 years",104500
"Assistant Community Library Manager","21 - 30 years",61000
"Assistant controller","11 - 20 years",324560
"Assistant Controller","2 - 4 years",49100
"Assistant Controller","21 - 30 years",182700
"Assistant Controller","5-7 years",91000
"Assistant Controller","8 - 10 years",123700
"Assistant Controller ","11 - 20 years",220000
"Assistant Controller ","2 - 4 years",84000
"Assistant Counsel","11 - 20 years",82000
"Assistant Counsel","21 - 30 years",100000
"Assistant Counsel","8 - 10 years",112000
"Assistant county attorney","11 - 20 years",95000
"Assistant Court Clerk â€“ Temporary","2 - 4 years",28600
"Assistant Creative Director","1 year or less",50000
"Assistant Customer Service Manager","11 - 20 years",54000
"Assistant Dean","11 - 20 years",96000
"Assistant Dean","21 - 30 years",247000
"Assistant Dean of Admissions","11 - 20 years",100000
"Assistant Department Head","21 - 30 years",60000
"Assistant Deputy Director","11 - 20 years",155000
"Assistant Deputy Minister","11 - 20 years",126300
"Assistant designer ","11 - 20 years",46000
"Assistant Digital Marketing Manager","2 - 4 years",51000
"Assistant Dir. of Admissions","8 - 10 years",44000
"Assistant Director","11 - 20 years",2154550
"Assistant Director","2 - 4 years",155000
"Assistant Director","21 - 30 years",228000
"Assistant Director","5-7 years",415535
"Assistant Director","8 - 10 years",823075
"Assistant director ","11 - 20 years",491200
"Assistant Director ","2 - 4 years",65000
"Assistant Director ","8 - 10 years",282850
"Assistant Director - Medical Library","8 - 10 years",67000
"Assistant Director Communication","11 - 20 years",110000
"Assistant Director of Academic Advising","11 - 20 years",60000
"Assistant Director of Admission","5-7 years",97000
"Assistant Director of Admissions","11 - 20 years",50000
"assistant director of annual fundraising","11 - 20 years",84000
"Assistant Director of Communications","5-7 years",65847
"Assistant Director of Communications and Partnerships","8 - 10 years",83000
"Assistant Director of Development","5-7 years",114500
"Assistant Director of Development ","11 - 20 years",69000
"Assistant Director of Development ","5-7 years",55000
"Assistant Director of Direct Marketing","11 - 20 years",97300
"Assistant Director of Education","8 - 10 years",58800
"Assistant Director of Education ","11 - 20 years",55000
"Assistant Director of Finance","21 - 30 years",253000
"Assistant Director of Finance","8 - 10 years",91000
"Assistant director of finance ","8 - 10 years",53000
"Assistant Director of Graduate Admissions","21 - 30 years",71000
"Assistant Director of Housing and Residence Life","5-7 years",44000
"Assistant Director of HR","11 - 20 years",82000
"Assistant Director of Individual Giving","11 - 20 years",93475
"Assistant Director of Institutional Research","8 - 10 years",90000
"Assistant Director of Major Gifts","8 - 10 years",75000
"Assistant Director of Marketing, International Giving and Engagement","11 - 20 years",5100
"Assistant Director of Operations-Public Utilities","11 - 20 years",83000
"Assistant Director of Prospect Research","11 - 20 years",101143
"Assistant Director of Study Abroad","8 - 10 years",65000
"Assistant Director of the Social Work Department","11 - 20 years",77000
"Assistant Director of Undergraduate Admissions","5-7 years",58300
"Assistant Director of University Libraries","41 years or more",115000
"Assistant Director Special Projects","21 - 30 years",97000
"Assistant Director, Academic  Advising","11 - 20 years",61000
"Assistant Director, Admissions","8 - 10 years",78000
"Assistant Director, Admissions Operations","11 - 20 years",63000
"Assistant Director, Annual Giving","2 - 4 years",62500
"Assistant Director, Data Integrity","8 - 10 years",72000
"Assistant Director, Direct Marketing","11 - 20 years",78750
"Assistant Director, Gifts and Record Management","8 - 10 years",67000
"Assistant Director, Graduate Admissions","8 - 10 years",60000
"Assistant Director, Health Promotion","11 - 20 years",72000
"Assistant Director, HR","11 - 20 years",60750
"Assistant Director, Human Resources","11 - 20 years",96900
"Assistant Director, Internship Program","11 - 20 years",42237
"Assistant Director, Marketing & Communications","8 - 10 years",58000
"Assistant Director, Operations & Events","11 - 20 years",55000
"Assistant Director, Professional School","11 - 20 years",76000
"Assistant Director, Student Advancement","8 - 10 years",49800
"Assistant Director, Student Affairs","11 - 20 years",50000
"Assistant Director/Adult Svcs Coordinator","21 - 30 years",70000
"Assistant District Attorney","5-7 years",308500
"Assistant District Attorney","8 - 10 years",162303
"Assistant District Attorney ","5-7 years",63500
"Assistant Editor","11 - 20 years",40000
"Assistant Editor","2 - 4 years",12000
"Assistant Editor","5-7 years",66500
"Assistant editor","8 - 10 years",90400
"Assistant Editorial Manager","8 - 10 years",58000
"Assistant English Professor","11 - 20 years",41000
"Assistant Fabrication Manager","8 - 10 years",34000
"Assistant Fashion Designer","5-7 years",35000
"Assistant Film Editor","5-7 years",120000
"Assistant General Counsel","11 - 20 years",525000
"Assistant General Counsel","21 - 30 years",730000
"Assistant General Counsel","31 - 40 years",480000
"Assistant General Counsel","5-7 years",126000
"Assistant General Counsel","8 - 10 years",204450
"Assistant General Manager","11 - 20 years",45000
"Assistant General Manager","8 - 10 years",50500
"Assistant General manager ","11 - 20 years",58080
"Assistant Headteacher ","11 - 20 years",48396
"Assistant High School Band Director","8 - 10 years",72500
"Assistant Laboratory Supervisor","5-7 years",37000
"Assistant leader of maths","8 - 10 years",440000
"Assistant Learning Center Coordinato","8 - 10 years",36400
"Assistant librarian","11 - 20 years",54250
"Assistant Librarian","2 - 4 years",74708
"Assistant Librarian","5-7 years",100726
"Assistant librarian","8 - 10 years",113500
"Assistant Librarian/Professor","11 - 20 years",63000
"Assistant library director","11 - 20 years",60000
"Assistant Manager","11 - 20 years",255350
"Assistant Manager","2 - 4 years",131050
"Assistant Manager","5-7 years",317147
"Assistant Manager","8 - 10 years",126000
"Assistant Manager ","11 - 20 years",33000
"Assistant Manager ","5-7 years",31000
"Assistant Manager ","8 - 10 years",40500
"Assistant manager/shift supervisor","11 - 20 years",60000
"Assistant Marketing Director","11 - 20 years",68000
"Assistant Marketing Manager\Graphic Designer","8 - 10 years",50500
"Assistant Media Buyer","5-7 years",54553
"Assistant Merchandiser","5-7 years",20000
"Assistant National Director ","21 - 30 years",70000
"Assistant nature-based preschool teacher ","8 - 10 years",33448
"Assistant Nurse Manager","11 - 20 years",167640
"Assistant Operations Manager","5-7 years",63000
"Assistant Operations Manager and Lift Planner","11 - 20 years",71115
"Assistant Orchestra Librarian","5-7 years",35750
"Assistant Pensions Manager","2 - 4 years",57500
"Assistant Planner","5-7 years",63000
"Assistant Planner","8 - 10 years",100000
"Assistant Principal","2 - 4 years",112000
"Assistant Principal","8 - 10 years",209000
"Assistant principal ","11 - 20 years",216000
"Assistant Principal ","21 - 30 years",100000
"Assistant Producer","8 - 10 years",52000
"Assistant Product Manager","8 - 10 years",34350
"Assistant Production Editor","2 - 4 years",42000
"Assistant Production Editor","5-7 years",45000
"Assistant production manager","8 - 10 years",79500
"Assistant Professor","1 year or less",64200
"Assistant Professor","11 - 20 years",2014200
"Assistant Professor","2 - 4 years",400000
"Assistant Professor","21 - 30 years",155500
"Assistant Professor","5-7 years",2504319
"Assistant professor","8 - 10 years",2065025
"Assistant Professor ","11 - 20 years",567500
"Assistant professor ","2 - 4 years",137000
"Assistant Professor ","21 - 30 years",48000
"Assistant Professor ","5-7 years",144500
"Assistant Professor ","8 - 10 years",195000
"Assistant Professor - Fixed Term","21 - 30 years",175000
"Assistant Professor (Biology)","5-7 years",110000
"Assistant Professor (English Dept.)","11 - 20 years",56300
"Assistant Professor (Tenure-Track)","8 - 10 years",122800
"Assistant Professor in Microbiology","8 - 10 years",95000
"Assistant Professor of Biology","5-7 years",52000
"Assistant Professor of Communication","11 - 20 years",63638
"Assistant Professor of Economics","8 - 10 years",100000
"Assistant Professor of Education","11 - 20 years",109000
"Assistant Professor of History","11 - 20 years",70000
"Assistant Professor of Instruction","11 - 20 years",66000
"Assistant Professor of Law","2 - 4 years",160000
"Assistant Professor of Music","11 - 20 years",40000
"Assistant Professor of Music","8 - 10 years",59000
"Assistant Professor of Pediatrics","8 - 10 years",162700
"Assistant Professor of Practice ","21 - 30 years",55000
"Assistant Professor/Director of Cataloging & Metadata Services","11 - 20 years",64000
"Assistant Program Director","11 - 20 years",72500
"Assistant Program Director","5-7 years",74000
"Assistant Program Manager","5-7 years",56000
"Assistant Project Engineer","1 year or less",61850
"Assistant Project Manafer","8 - 10 years",85000
"Assistant Project Manager","1 year or less",56000
"Assistant Project Manager","11 - 20 years",104900
"Assistant Project Manager","2 - 4 years",67000
"Assistant Project Manager","5-7 years",494500
"Assistant Project Manager","8 - 10 years",85000
"Assistant Project Manager-site acquisition ","5-7 years",60000
"Assistant property manager","21 - 30 years",46000
"Assistant Property Manager","31 - 40 years",57500
"Assistant Property Manager ","5-7 years",112880
"Assistant Public Defender","2 - 4 years",115000
"Assistant Public Defender ","11 - 20 years",80000
"Assistant Public Defender II","11 - 20 years",102500
"Assistant Quality Manager ","2 - 4 years",72100
"Assistant Registrar","2 - 4 years",40
"Assistant Registrar for Catalog","8 - 10 years",53000
"Assistant Research Professor","2 - 4 years",113000
"Assistant Residential Dean","11 - 20 years",35000
"Assistant Resource Specialist ","5-7 years",100200
"Assistant Retail Manager","11 - 20 years",41600
"Assistant Sales Manager","11 - 20 years",70000
"Assistant Scientist","1 year or less",53800
"Assistant Scientist","5-7 years",102000
"Assistant Script Editor","5-7 years",25500
"Assistant Secretary ","11 - 20 years",27800
"Assistant SEO Manager","11 - 20 years",77000
"Assistant service manager","11 - 20 years",145000
"Assistant staff","5-7 years",86000
"Assistant State Auditor","31 - 40 years",60527
"Assistant Statistician","11 - 20 years",33176
"Assistant Store Leader","21 - 30 years",65310
"Assistant Store Manager","1 year or less",34920
"Assistant Store Manager","11 - 20 years",60000
"Assistant store manager","21 - 30 years",73000
"Assistant store manager","31 - 40 years",28250
"Assistant Store Manager","8 - 10 years",121400
"Assistant Store Manager ","5-7 years",148000
"Assistant Supervisor","11 - 20 years",46400
"Assistant Supervisor","5-7 years",33000
"Assistant Teaching Professor","11 - 20 years",52125
"Assistant Teaching Professor","5-7 years",54000
"Assistant Team Lead","5-7 years",87500
"Assistant Team Lead, HR Operations","2 - 4 years",74000
"Assistant Team Manager","5-7 years",75000
"Assistant Technical Director","2 - 4 years",43000
"Assistant to Headmaster","8 - 10 years",51000
"Assistant to Library Director","5-7 years",44900
"Assistant to members","11 - 20 years",61000
"Assistant to Property Managers","8 - 10 years",31500
"Assistant to the Associate Superintendent","31 - 40 years",67900
"Assistant to the CEO/Office Manager","8 - 10 years",51500
"Assistant to the Chair II","21 - 30 years",65000
"Assistant to the Dean","5-7 years",61000
"Assistant to the Director","5-7 years",76000
"Assistant to the Manager","11 - 20 years",80000
"Assistant to the President","5-7 years",53000
"Assistant treasurer","21 - 30 years",55500
"Assistant Underwriter ","1 year or less",450000
"Assistant United States Attorney","11 - 20 years",122000
"Assistant United States Attorney","21 - 30 years",177500
"Assistant US Attorney","8 - 10 years",120000
"Assistant Vice President","11 - 20 years",523000
"Assistant Vice President","8 - 10 years",109000
"Assistant Vice President ","11 - 20 years",310000
"Assistant Vice President - Operations Supervisor","5-7 years",70000
"Assistant Vice President of Enrollment","11 - 20 years",95000
"Assistant Vice President-Manager","5-7 years",158000
"Assistant Vice President, Purchasing","31 - 40 years",170000
"Assistant VP of Information Technology","21 - 30 years",172000
"Assistant VP/Claims Manager","11 - 20 years",114000
"Assistant Winemaker","8 - 10 years",141768
"Assistent Front Office Manager","2 - 4 years",23662
"Assistive Technology Manager","5-7 years",80000
"Assoc Dir Data Analysis","5-7 years",85000
"Assoc Director, Corporate Insurance","21 - 30 years",165000
"Assoc. HR Manager","8 - 10 years",113500
assocaite,"5-7 years",360000
Associate,"1 year or less",86000
Associate,"11 - 20 years",1016500
Associate,"2 - 4 years",3339850
Associate,"5-7 years",4754120
associate,"8 - 10 years",3099480
"Associate ","1 year or less",200000
"Associate ","11 - 20 years",250000
"Associate ","2 - 4 years",125000
"Associate ","5-7 years",1135000
"Associate ","8 - 10 years",185000
"Associate - Financial Reporting","8 - 10 years",85000
"Associate - Labour & Employment","5-7 years",150000
"Associate (Attorney) ","5-7 years",330000
"Associate (consultant)","11 - 20 years",65000
"Associate 1","1 year or less",76000
"Associate Account Director","11 - 20 years",116000
"Associate Account Executive ","11 - 20 years",76000
"Associate Account Representative","1 year or less",141752
"Associate Analytics Engineer","5-7 years",85000
"Associate Architect","2 - 4 years",65000
"Associate Architect","21 - 30 years",130000
"Associate archivist","2 - 4 years",56500
"Associate Art Director","11 - 20 years",78000
"Associate Art Director","8 - 10 years",100000
"Associate Attorneu","2 - 4 years",115000
"Associate Attorney","1 year or less",215000
"Associate Attorney","11 - 20 years",2426500
"Associate Attorney","2 - 4 years",1194200
"Associate Attorney","21 - 30 years",115000
"Associate Attorney","5-7 years",2384990
"Associate Attorney","8 - 10 years",1406900
"Associate Attorney ","2 - 4 years",290000
"Associate Attorney ","5-7 years",1123000
"Associate attorney ","8 - 10 years",527500
"Associate Attorney (mid-level)","5-7 years",365000
"Associate attorney (senior)","8 - 10 years",285000
"Associate Banker","21 - 30 years",33800
"Associate Brand Director","8 - 10 years",190000
"Associate Brand Manager","11 - 20 years",129000
"Associate Brand Manager","5-7 years",120000
"Associate Business Development","8 - 10 years",72475
"Associate category manager","8 - 10 years",91200
"Associate Chairperson","8 - 10 years",389000
"Associate Channel Marketing Specialist","5-7 years",95000
"Associate Client Manager","2 - 4 years",77000
"Associate Clinical Professor","31 - 40 years",100000
"Associate Communications Specialist","2 - 4 years",52000
"Associate Consultand","5-7 years",75000
"Associate Consultant","11 - 20 years",310000
"Associate Consultant","2 - 4 years",926500
"Associate Consultant","5-7 years",220000
"Associate Consultant","8 - 10 years",114000
"Associate Consultant ","2 - 4 years",162500
"Associate Consultant ","5-7 years",62600
"Associate Copy Chief & Manager of Digital Workflow","21 - 30 years",98500
"associate copy editor","21 - 30 years",36000
"Associate Counsel","2 - 4 years",55000
"Associate Counsel","8 - 10 years",82500
"Associate Counsel ","21 - 30 years",84300
"Associate Counsel ","5-7 years",190000
"Associate Creative Director","11 - 20 years",410000
"Associate Creative Director","21 - 30 years",150000
"Associate creative director","5-7 years",239000
"Associate Creative Director","8 - 10 years",121800
"Associate Creative Director ","11 - 20 years",70000
"Associate Creative Director (freelance)","11 - 20 years",157000
"Associate Credit Analyst","2 - 4 years",59740
"Associate Data Analyst","8 - 10 years",64500
"Associate Data Scientist","2 - 4 years",133000
"associate dean","21 - 30 years",220000
"Associate Dean","31 - 40 years",228000
"Associate Dean for Communications","21 - 30 years",185000
"Associate Department Chair","21 - 30 years",80000
"Associate Development Director","11 - 20 years",39520
"Associate Development Officer ","5-7 years",53000
"Associate DevOps Engineer","2 - 4 years",95370
"Associate Digital Implementation Manager","8 - 10 years",95680
"Associate Digital Marketing Manager","2 - 4 years",102300
"Associate Director","11 - 20 years",2434571
"Associate Director","2 - 4 years",60000
"Associate Director","21 - 30 years",898700
"Associate Director","31 - 40 years",228000
"Associate Director","5-7 years",189200
"Associate Director","8 - 10 years",1104838
"Associate Director ","11 - 20 years",1155270
"Associate director ","2 - 4 years",89000
"Associate Director ","21 - 30 years",100000
"Associate Director ","31 - 40 years",209000
"Associate Director ","8 - 10 years",221000
"Associate Director - Business Development","2 - 4 years",150000
"Associate Director - Financial Operations ","8 - 10 years",91000
"Associate Director - Operations","11 - 20 years",138000
"Associate Director Analytics","11 - 20 years",62000
"Associate Director Design + Dev","11 - 20 years",186000
"Associate Director Development","11 - 20 years",160000
"Associate Director Global Scientific Communications ","5-7 years",215000
"Associate Director HR","11 - 20 years",95000
"Associate Director HR","8 - 10 years",97500
"Associate Director Market Access","21 - 30 years",140000
"Associate Director Medical Economics","8 - 10 years",128000
"Associate Director of Academics","8 - 10 years",86103
"Associate Director of Accounting","11 - 20 years",113300
"Associate Director of Admissions","11 - 20 years",201000
"Associate Director of Admissions","8 - 10 years",75000
"Associate Director of Advancement","11 - 20 years",75000
"Associate Director of Analytics","8 - 10 years",110000
"Associate Director of Annual Giving","11 - 20 years",69000
"Associate Director of Annual Giving","8 - 10 years",50000
"Associate Director of Athletics Communications","2 - 4 years",50000
"Associate Director of Customer Service","11 - 20 years",47000
"Associate Director of Design Services","11 - 20 years",67000
"Associate Director of Development","11 - 20 years",144000
"Associate Director of Development","8 - 10 years",52000
"Associate Director of Donor Relations","11 - 20 years",72000
"Associate Director of Evaluation","8 - 10 years",65400
"Associate Director of Finance","8 - 10 years",80673
"Associate Director of Financial Aid","11 - 20 years",90000
"Associate Director of Grants and Proposals","8 - 10 years",52500
"Associate Director of Guest Services","11 - 20 years",65000
"Associate Director of Housing Operations","11 - 20 years",85000
"Associate Director of Human Resources","11 - 20 years",63400
"Associate Director of Marketing","11 - 20 years",113900
"Associate Director of Marketing","8 - 10 years",129000
"Associate Director of Media","5-7 years",102000
"Associate Director of Membership & Events","11 - 20 years",43000
"Associate Director of Operations","11 - 20 years",70000
"Associate Director of operations","5-7 years",86000
"Associate Director of Philanthropy Operations","11 - 20 years",115000
"Associate Director of Product Management","21 - 30 years",310000
"Associate Director of Programs","8 - 10 years",85000
"Associate Director of Public Health Program","21 - 30 years",135000
"Associate Director of Quality","21 - 30 years",111000
"Associate Director of Recruitment and Engagement","11 - 20 years",67800
"Associate Director of Resource Development","11 - 20 years",72500
"Associate Director of Supply Chain","11 - 20 years",130000
"Associate Director of Training ","11 - 20 years",160000
"Associate Director of Undergraduate Admissions","8 - 10 years",74000
"Associate Director of User Experience","8 - 10 years",148000
"Associate Director Project Management","11 - 20 years",200000
"Associate Director Regulatory Affairs","11 - 20 years",165000
"Associate Director, Alumni Relations","5-7 years",133000
"Associate Director, Annual Giving","11 - 20 years",82404
"Associate Director, Annual Giving","5-7 years",58000
"Associate Director, Application Support","8 - 10 years",108900
"Associate director, clinical","11 - 20 years",247000
"Associate Director, Communications","11 - 20 years",170500
"Associate Director, Culture and Talent","8 - 10 years",87000
"Associate Director, Donor Engagement ","8 - 10 years",100000
"Associate Director, Executive Communications ","11 - 20 years",75000
"Associate Director, external communications (press relations, pr, etc.)","21 - 30 years",114000
"Associate Director, Finance Operations","8 - 10 years",120000
"Associate Director, Financial Aid","11 - 20 years",66240
"Associate Director, Graduate & Postdoctoral Affairs","11 - 20 years",92000
"Associate Director, Individual Giving","11 - 20 years",100000
"Associate Director, Information Governance","21 - 30 years",212000
"Associate Director, Inside Sales","11 - 20 years",175000
"Associate Director, Insights","11 - 20 years",77000
"Associate Director, Investor Relations","8 - 10 years",82200
"Associate Director, Learning and Development ","5-7 years",94000
"Associate Director, Market Access","11 - 20 years",195000
"Associate Director, marketing","11 - 20 years",592500
"Associate director, marketing communications","21 - 30 years",191000
"Associate Director, Medical Affairs","11 - 20 years",189500
"Associate Director, Medical Communications","11 - 20 years",193000
"Associate Director, Office of Sponsored Programs","11 - 20 years",108000
"Associate Director, Pre-Health Advising","8 - 10 years",63000
"Associate Director, Procure-to-Pay Technology ","11 - 20 years",107000
"Associate Director, Production Design","11 - 20 years",57000
"Associate Director, Project Operations","8 - 10 years",75000
"Associate Director, Science & Medicine","21 - 30 years",199000
"Associate Director, Talent Acquisition","11 - 20 years",128800
"Associate Director, University Career Center","11 - 20 years",70000
"Associate Director/Program Officer","11 - 20 years",83000
"Associate Distribution designer","8 - 10 years",49500
"Associate Dorector","5-7 years",99000
"Associate Ecologist","1 year or less",46000
"Associate Editor","11 - 20 years",51500
"Associate editor","2 - 4 years",40100
"Associate Editor","5-7 years",276464
"Associate editor","8 - 10 years",176200
"Associate Editor ","5-7 years",64000
"Associate Editorial Director","8 - 10 years",88700
"Associate Engineer","2 - 4 years",63200
"Associate engineer, packaging ","1 year or less",87000
"Associate Events Manager","8 - 10 years",42460
"Associate Executive ","11 - 20 years",80000
"Associate Executive Director","11 - 20 years",162500
"Associate Finance Manager","8 - 10 years",110000
"Associate Financial Advisor ","1 year or less",44000
"Associate Financial Planner","11 - 20 years",65000
"Associate Fund Accountant","2 - 4 years",65500
"Associate General Counsel","11 - 20 years",1431200
"Associate General Counsel","5-7 years",467500
"Associate General Counsel","8 - 10 years",648685
"Associate General counsel ","11 - 20 years",369000
"Associate general counsel ","8 - 10 years",155000
"Associate General Counsel, IP","11 - 20 years",270000
"Associate General Manager","11 - 20 years",72000
"Associate Governmental Program Analyst","5-7 years",60990
"Associate Head: School of Sciences","11 - 20 years",128400
"Associate In-House Counsel","8 - 10 years",122000
"Associate Investment Advisor","8 - 10 years",52500
"Associate IRB Chair","11 - 20 years",71000
"Associate Lawyer","5-7 years",270000
"Associate Lawyer","8 - 10 years",307900
"Associate librarian","11 - 20 years",387065
"Associate Librarian","21 - 30 years",78686
"Associate Librarian","8 - 10 years",108369
"Associate Magazine Editor","11 - 20 years",57000
"Associate Manager","11 - 20 years",77490
"Associate Manager","5-7 years",47000
"Associate Manager","8 - 10 years",98800
"Associate Manager ","8 - 10 years",126500
"Associate Manager Original Series Development","11 - 20 years",135000
"Associate Manager- HR Operations","5-7 years",96000
"Associate Manager, Accounting","5-7 years",121250
"Associate Manager, Education","5-7 years",74000
"Associate Manager, Global Brand Marketing","5-7 years",125000
"Associate Managing Editor","11 - 20 years",113250
"Associate Marketing Director","21 - 30 years",105017
"Associate Marketing Manager","2 - 4 years",68250
"Associate marketing manager ","8 - 10 years",127600
"Associate Mechanical Engineer","1 year or less",69000
"Associate Medical Director","11 - 20 years",260000
"Associate Medical Director","8 - 10 years",135000
"Associate Membership Director","5-7 years",43700
"Associate Merchant","11 - 20 years",69400
"Associate Network Engineer","21 - 30 years",79378
"Associate Partner","21 - 30 years",175000
"Associate Partner ","21 - 30 years",260000
"Associate Policy Principle","11 - 20 years",104500
"associate principal","11 - 20 years",265000
"Associate Principal","8 - 10 years",85000
"Associate Principal ","11 - 20 years",98000
"Associate Principal Scientist Lead","11 - 20 years",160000
"Associate Producer","5-7 years",105000
"Associate Producer","8 - 10 years",72000
"Associate Product Manager","1 year or less",71000
"Associate Product Manager","2 - 4 years",356925
"Associate Product Manager","31 - 40 years",80000
"Associate Product Manager","5-7 years",57500
"Associate Product Manager","8 - 10 years",193500
"Associate Product Manager ","2 - 4 years",68500
"Associate Production Manager","8 - 10 years",52000
"Associate Production Planning Manager","5-7 years",141000
"Associate Professor","11 - 20 years",2996950
"Associate professor","21 - 30 years",579079
"Associate Professor","31 - 40 years",278000
"Associate Professor","8 - 10 years",729500
"Associate professor ","11 - 20 years",166500
"Associate Professor ","21 - 30 years",260500
"Associate Professor ","31 - 40 years",110000
"Associate Professor / Department Chair","11 - 20 years",95000
"Associate Professor & Academic Program Director","8 - 10 years",80000
"Associate Professor and Program Coordinator","31 - 40 years",89000
"Associate Professor of Business","8 - 10 years",140000
"Associate Professor of English","11 - 20 years",64000
"Associate Professor of History","21 - 30 years",139500
"Associate Professor of Management","11 - 20 years",165200
"Associate Professor of Political Science","11 - 20 years",91000
"Associate Professor-Librarian","21 - 30 years",98000
"Associate Professor, Business Management","31 - 40 years",205000
"Associate Professor, Library","31 - 40 years",60350
"Associate Professor/Director","31 - 40 years",129320
"Associate Program Manager","2 - 4 years",47000
"Associate Program Manager","5-7 years",93500
"Associate Program Officer","8 - 10 years",106500
"associate project leader","8 - 10 years",89000
"Associate Project Manager","2 - 4 years",66500
"Associate Project Manager","21 - 30 years",79905
"Associate Project Manager","5-7 years",91200
"Associate Project Manager ","8 - 10 years",80000
"Associate Project manager/Scrum Master","5-7 years",80000
"Associate Publications Specialist","5-7 years",45750
"Associate Publicist","5-7 years",55500
"Associate Publicity DIrector","11 - 20 years",97000
"Associate Publisher","8 - 10 years",60000
"Associate Publishing Manager","8 - 10 years",61500
"Associate Recruiter","2 - 4 years",49000
"Associate Registrar","11 - 20 years",50000
"Associate Registrar","21 - 30 years",78000
"Associate Research Professor","11 - 20 years",120000
"Associate Research Scientist","1 year or less",112500
"Associate Research Scientist","11 - 20 years",105000
"Associate research scientist","8 - 10 years",74100
"Associate Research Scientist ","2 - 4 years",87000
"Associate research specialist","5-7 years",36400
"Associate Safety Officer","11 - 20 years",111000
"Associate Scientific Director","5-7 years",104000
"Associate Scientist","2 - 4 years",146900
"Associate Scientist","5-7 years",127000
"Associate Scientist","8 - 10 years",210000
"Associate Scientist ","2 - 4 years",113100
"Associate Scientist ","8 - 10 years",47000
"Associate Scientist II","2 - 4 years",163150
"Associate Scientist III","1 year or less",89000
"Associate Scientist IV","11 - 20 years",103000
"Associate Social Producer","5-7 years",58000
"Associate Software Developer","1 year or less",111000
"Associate Software Engineer","1 year or less",107000
"Associate Software Engineer","11 - 20 years",146174
"Associate software engineer","5-7 years",199500
"Associate Solutions Architect","2 - 4 years",135000
"Associate Staff Firmware Engineer","21 - 30 years",215000
"Associate Staff Scientist","21 - 30 years",82000
"Associate Strategy Director","11 - 20 years",120000
"Associate Systems Administrator","2 - 4 years",84000
"Associate Systems Engineer","11 - 20 years",95000
"Associate Systems Specialist","2 - 4 years",52500
"Associate teaching professor ","11 - 20 years",101000
"Associate Team Lead - Revenue Cycle","11 - 20 years",4452
"Associate Technical Account Manager","8 - 10 years",150000
"Associate Technical Staff","2 - 4 years",125000
"Associate Technology 2","11 - 20 years",82891
"Associate Tutor","8 - 10 years",50000
"Associate University Counsel","8 - 10 years",72578
"Associate Vice chancellor for academic affairs ","31 - 40 years",145000
"Associate Vice President","11 - 20 years",238000
"Associate VP","8 - 10 years",170000
"Associate Water Resources Engineer","5-7 years",84000
"Associate, Client Finance","11 - 20 years",41100
"Associatiate Producer of Multimedia Content","5-7 years",82600
"Assoicate Library Director","11 - 20 years",101000
"asst digital editor and producer","1 year or less",38000
"Asst director ","8 - 10 years",100000
"Asst Prof, Non-tenure track","11 - 20 years",62000
"Asst Professor","11 - 20 years",64000
"Asst Vice President/ loan officer ","11 - 20 years",71500
"Asst vp planning","11 - 20 years",87000
"Asst. Curator & Outreach Coordinator","11 - 20 years",30000
"Asst. General Counsel","11 - 20 years",250186
"Asst. Office Manager","8 - 10 years",52500
"Asst. Program Director & Volunteer Coordinator","2 - 4 years",43680
"Assurance senior","5-7 years",73000
"Assurance Senior Associate","2 - 4 years",71000
"Asylum Officer","5-7 years",94000
"Attending Physician (general internal medicine)","5-7 years",1900000
Attorney,"11 - 20 years",3027044
Attorney,"2 - 4 years",927050
Attorney,"21 - 30 years",2946628
Attorney,"31 - 40 years",751500
Attorney,"5-7 years",3001280
Attorney,"8 - 10 years",3349500
"Attorney ","11 - 20 years",969220
"Attorney ","21 - 30 years",564498
"Attorney ","8 - 10 years",510000
"Attorney - Class B Shareholder","8 - 10 years",245000
"Attorney (Junior Partner)","21 - 30 years",150000
"Attorney (shareholder)","31 - 40 years",265000
"Attorney 4 / Supervisor","8 - 10 years",85000
"Attorney Advisor","1 year or less",59900
"Attorney Advisor","11 - 20 years",339268
"Attorney Advisor","5-7 years",256614
"Attorney Advisor","8 - 10 years",301500
"Attorney and regulatory compliance director","11 - 20 years",97500
"Attorney editor","11 - 20 years",62500
"Attorney Editor","5-7 years",63033
"Attorney Manager","8 - 10 years",108000
"Attorney Recruiting Manager","11 - 20 years",140000
Attorney-Advisor,"11 - 20 years",137976
"attorney, legal aid","5-7 years",70087
"Audience Growth Manager ","5-7 years",62500
"Audience Insights Manager","5-7 years",115000
"Audio Editor","8 - 10 years",97000
"Audio engineer","8 - 10 years",27000
"Audio Systems Engineer","11 - 20 years",181500
"Audio Visual Engineer","2 - 4 years",23000
Audiologist,"1 year or less",77000
Audiologist,"11 - 20 years",96608
Audiologist,"21 - 30 years",113000
Audiologist,"8 - 10 years",114000
"Audiologist ","5-7 years",89500
Audiologist/President,"21 - 30 years",95000
"Audiovisual Design Associate","11 - 20 years",85000
audit,"11 - 20 years",22000
"Audit & accounts assistant ","2 - 4 years",22500
"Audit associate","2 - 4 years",88250
"Audit Consultant ","11 - 20 years",172000
"Audit Lead","2 - 4 years",101000
"Audit Manager","11 - 20 years",106600
"Audit Manager","5-7 years",206200
"Audit Manager","8 - 10 years",216000
"Audit Manager ","21 - 30 years",102000
"Audit senior","2 - 4 years",74000
"Audit Senior","5-7 years",75400
"Audit Senior Associate","2 - 4 years",73000
"Audit Senior Manager","11 - 20 years",232000
"Audit Senior Manager/CPA","11 - 20 years",153000
"Audit supervisor (cpa)","8 - 10 years",78000
"Audit Trainee","8 - 10 years",23000
Auditor,"11 - 20 years",414444
Auditor,"2 - 4 years",50800
Auditor,"5-7 years",83000
Auditor,"8 - 10 years",30
"Auditor ","31 - 40 years",113000
"Auditor III","8 - 10 years",80500
"Auditor Staff","2 - 4 years",59000
Author,"21 - 30 years",60000
"Auto Claims Adjuster","2 - 4 years",52000
"Auto Damage Adjuster","5-7 years",65000
"Auto Liability Claims Adjuster","5-7 years",75000
"Automated Tester","8 - 10 years",31700
"Automation Applications Engineer","11 - 20 years",102000
"Automation Engineer","8 - 10 years",107500
"Automation Systems Analyst","2 - 4 years",60200
"Automotive Enthusiast Advisor","11 - 20 years",41800
"Automotive Sales ","8 - 10 years",62000
"Automotive technician","21 - 30 years",54000
"Autonomous Vehicles Engineer","5-7 years",107545
"Avionics Engineer III","11 - 20 years",136000
"Avionics Systems Technician - supervisor ","11 - 20 years",100000
"AVP & Actuary","11 - 20 years",234000
"AVP Digital Marketing","21 - 30 years",114500
"AVP of Marketing","11 - 20 years",148000
"AVP of Software Development","11 - 20 years",150000
"AVP portfolio manager","31 - 40 years",199000
"AVP, Finance ","21 - 30 years",168100
"AVP, Marketing Associate","11 - 20 years",108000
"AVP, Unit Manager, Communications","8 - 10 years",169000
"AWS Solutions Architect","8 - 10 years",225000
"Backend Engineer","8 - 10 years",115000
"Backend system dev","5-7 years",9400000
Baker,"11 - 20 years",68850
Baker,"8 - 10 years",75960
"Bakery assistant","8 - 10 years",32000
"Ballet teacher","8 - 10 years",93600
"Bank Examiner","11 - 20 years",156000
"Bank Examiner","8 - 10 years",104000
"Bank supervisor","11 - 20 years",43000
"Bank Teller","2 - 4 years",34200
Banker,"11 - 20 years",380000
Banker,"2 - 4 years",242060
Banker,"8 - 10 years",34320
"Banker Associate","5-7 years",165000
"Bar Director","11 - 20 years",97000
"Bar Staff","8 - 10 years",18532
Barista,"11 - 20 years",31720
Barista,"21 - 30 years",32000
Barista,"5-7 years",53400
Barista,"8 - 10 years",21000
Barrister,"11 - 20 years",102000
Bartender,"11 - 20 years",70000
"Baseball research analyst ","2 - 4 years",63000
BCBA/LBA,"8 - 10 years",80000
"Beamline Scientist","8 - 10 years",40295
"Beauty Consultant","11 - 20 years",25450
"Behavior Analysis ","11 - 20 years",66000
"Behavior Analyst ","11 - 20 years",70000
"Behavior Services Supervisor","11 - 20 years",67500
"Behavior Specialist","11 - 20 years",80683
"Behavior Specialist","8 - 10 years",46480
"Behavioral Health Case Manager","11 - 20 years",95000
"Behavioral Health Manager","11 - 20 years",102000
"Behavioral Health Supervisor","11 - 20 years",72500
"Behavioral Health Therapist ","11 - 20 years",64000
"Behavioral health vocational coach ","5-7 years",39000
"Benefit Administrator ","5-7 years",76000
"benefit payments representative","11 - 20 years",45677
"Benefit Technology Analyst","11 - 20 years",57000
"Benefits & Compensation Manager","11 - 20 years",83000
"Benefits Administrator","11 - 20 years",86000
"Benefits Administrator","8 - 10 years",51000
"Benefits Administror ","5-7 years",62845
"Benefits Advisor","5-7 years",73900
"Benefits Advisor","8 - 10 years",58000
"Benefits Analyst","5-7 years",62500
"Benefits and leave manager","21 - 30 years",98000
"Benefits Compliance Officer","31 - 40 years",114000
"Benefits Consultant","31 - 40 years",52000
"Benefits Consultant ","11 - 20 years",90000
"Benefits Coordinator ","2 - 4 years",67000
"Benefits Coordinator/ Payroll Specialist","8 - 10 years",67224
"Benefits Manager","11 - 20 years",178338
"Benefits Manager","21 - 30 years",110000
"Benefits officer","21 - 30 years",66150
"Benefits Specialist","11 - 20 years",58344
"Benefits Specialist","8 - 10 years",140750
"Benefits Specialist ","5-7 years",43000
"Best Boy","21 - 30 years",223000
"Beverage manager","8 - 10 years",63500
"BI Analyst","11 - 20 years",95000
"BI Analyst","8 - 10 years",80000
"BI Developer","21 - 30 years",116000
"Bicycle mechanic","11 - 20 years",39000
"Bicycle mechanic/Ski technician ","11 - 20 years",75088
"Bid Manager","8 - 10 years",45000
"Bike Mechanic","11 - 20 years",30000
"Bilingual Child & Adolescent Therapist","5-7 years",32000
"Bilingual Home Visitor","31 - 40 years",34000
"Bilingual Office Assistant","11 - 20 years",43035
"Bilingual Programs Coordinator","2 - 4 years",38480
Biller,"11 - 20 years",33280
"Billing & Accounts Receivable Coordinator ","8 - 10 years",42000
"BILLING & ACCOUNTS RECEIVABLE SPECIALIST","41 years or more",65450
"Billing and Commission Specialist","21 - 30 years",40206
"Billing Clerk","21 - 30 years",39820
"Billing Coordinator","8 - 10 years",75215
"Billing Manager","11 - 20 years",264000
"Billing Manager ","11 - 20 years",68500
"Billing Operations Manager","41 years or more",115000
"Billing Receivables Specialist ","5-7 years",46960
"Billing Specialist","11 - 20 years",110800
"Billing Specialist","2 - 4 years",42000
"Billing Supervisor","11 - 20 years",76500
"BIM Manager","5-7 years",70000
Bioinformatician,"5-7 years",484600
Bioinformaticist,"11 - 20 years",48500
"Bioinformatics Engineer","5-7 years",80000
"Bioinformatics researcher","21 - 30 years",81000
"Biological Science Technician ","2 - 4 years",35265
"Biological Technician","2 - 4 years",56763
"Biological technician","5-7 years",42000
Biologist,"8 - 10 years",191000
"Biologist ","11 - 20 years",110500
"Biology Instructor","2 - 4 years",77929
"Biomedical Engineer","8 - 10 years",144000
"Biomedical engineering technologist","2 - 4 years",73000
"Biomedical Equipment Technician Senior","11 - 20 years",80000
"Biomedical Scientist","5-7 years",35300
"Bioprocess Associate","5-7 years",65000
"Bioprocess Engineer","2 - 4 years",85591
"Biosafety officer/Medical Lab Scientist","11 - 20 years",115000
Biostatistician,"21 - 30 years",244900
Biostatistician,"5-7 years",90000
Biostatistician,"8 - 10 years",72200
"Biostatistician I","2 - 4 years",100000
"Blending Engineer ","8 - 10 years",119000
"Blind Rehabilitation Specialist ","21 - 30 years",83000
"Board certified physician ","21 - 30 years",145000
"Bond Analyst","21 - 30 years",300000
"Book Designer","2 - 4 years",49000
"Book shelver","11 - 20 years",35000
Bookkeeper,"11 - 20 years",251840
Bookkeeper,"2 - 4 years",35360
Bookkeeper,"21 - 30 years",180000
Bookkeeper,"31 - 40 years",41000
Bookkeeper,"8 - 10 years",173540
"Bookkeeper ","21 - 30 years",57500
"Bookkeeper ","8 - 10 years",60570
"Bookkeeper and office Assistant","31 - 40 years",50700
"Bookkeeper and Payroll Specialist","11 - 20 years",104000
"Bookkeeper self-employed","21 - 30 years",114400
"Bookkeeper/Billing Manager","11 - 20 years",52000
"Bookkeeper/HR Manager","21 - 30 years",57200
"Bookkeeper/Office Administrator","21 - 30 years",52500
"Bookkeeper/Office Manager","31 - 40 years",64900
Bookkeeping,"5-7 years",40360
Bookseller,"5-7 years",28000
Bookseller,"8 - 10 years",18500
"Bookseller ","11 - 20 years",36000
"Bookstore Buyer","5-7 years",49000
Botanist,"8 - 10 years",68000
"Boutique assistant ","8 - 10 years",48000
"Box office & Admin manager","21 - 30 years",23000
"Branch Chief","21 - 30 years",117000
"Branch Chief","31 - 40 years",138000
"Branch Chief ","11 - 20 years",127000
"Branch Librarian","21 - 30 years",61589
"Branch Librarian ","21 - 30 years",48000
"Branch Library Manager","11 - 20 years",58000
"Branch Manager","11 - 20 years",715217
"branch manager","21 - 30 years",433000
"Branch Manager","41 years or more",55000
"Branch Manager","5-7 years",48000
"Branch manager","8 - 10 years",205330
"Branch Managwr","31 - 40 years",184500
"Branch Operations Coordinator ","5-7 years",41360
"Branch Youth Services Librarian","11 - 20 years",62000
"Brand Advertising Manager","5-7 years",300000
"Brand and campaigns officer","11 - 20 years",82400
"Brand and Digital Specialist","11 - 20 years",90000
"Brand Communications Manager","11 - 20 years",118000
"Brand Consultant","11 - 20 years",400000
"Brand content specialist","11 - 20 years",76195
"Brand Director","11 - 20 years",253200
"Brand Management","5-7 years",130000
"Brand Manager","11 - 20 years",541000
"Brand Manager","2 - 4 years",60000
"brand manager","21 - 30 years",60000
"Brand manager","5-7 years",274125
"Brand Manager","8 - 10 years",100000
"brand manager ","5-7 years",126500
"Brand manager ","8 - 10 years",132500
"Brand Marketing Manager","11 - 20 years",163352
"Brand Marketing Manager","2 - 4 years",98300
"Brand Marketing Manager","8 - 10 years",110000
"Brand Specialist","11 - 20 years",73000
"Brand Strategist","5-7 years",53000
"Brand Strategist","8 - 10 years",70000
"Brand supervisor ","11 - 20 years",20675
"Branded Content Editor","5-7 years",71000
"Branding Director","21 - 30 years",130000
"Breastfeeding Promotion Coordinator","8 - 10 years",43000
Brewer,"11 - 20 years",21000
Brewmaster,"11 - 20 years",62600
"Broadcast Engineer","41 years or more",45000
"Broadcast Journalist ","8 - 10 years",40000
"Broadcast Operations Supervisor","5-7 years",79100
"Broadway wardrobe - Dresser","11 - 20 years",93000
Broker,"5-7 years",145000
"Brokerage Services Associate","21 - 30 years",51210
"BSA/AML/OFAC Admin","8 - 10 years",35000
"Budget analyst","11 - 20 years",244000
"Budget Analyst","2 - 4 years",128973
"Budget Analyst","5-7 years",80600
"Budget Analyst","8 - 10 years",292500
"Budget Analyst ","11 - 20 years",87500
"Budget and Policy Analyst","8 - 10 years",104000
"Budget Coordinator","11 - 20 years",126000
"Budget director","11 - 20 years",176000
"Budget Manager","11 - 20 years",104000
"Budget Manager","31 - 40 years",94000
"Budget Manager ","11 - 20 years",78750
"Building Code Consultant","5-7 years",83000
bum,"41 years or more",10000299
"Bureau chief","31 - 40 years",125000
"Bureau chief","5-7 years",74000
"Bureau director","21 - 30 years",106000
"Bus Driver","11 - 20 years",18000
"Business Administration Assistant ","21 - 30 years",20019
"Business Administration Management","5-7 years",76000
"Business Administrator","2 - 4 years",59200
"Business Administrator","8 - 10 years",57878
"Business Analust","5-7 years",87500
"Business Analysis Manager ","21 - 30 years",72000
"Business Analyst","1 year or less",252649
"Business Analyst","11 - 20 years",1191750
"Business Analyst","2 - 4 years",851440
"Business Analyst","21 - 30 years",573000
"Business Analyst","31 - 40 years",293200
"Business Analyst","5-7 years",617900
"Business Analyst","8 - 10 years",1235156
"Business Analyst ","1 year or less",89149
"Business Analyst ","11 - 20 years",74450
"Business Analyst ","2 - 4 years",35360
"Business analyst ","31 - 40 years",87300
"Business Analyst ","5-7 years",340800
"Business Analyst (Operations)","21 - 30 years",93000
"Business Analyst 1","2 - 4 years",62000
"Business Analyst FP&A","5-7 years",73700
"Business Analyst I","21 - 30 years",66000
"Business Analyst III","11 - 20 years",76000
"Business analyst-intermediate","5-7 years",78500
"Business Analyst-Specialist","11 - 20 years",118000
"Business Analyst, Enterprise Data Governance","11 - 20 years",99500
"Business Analytics Manager","5-7 years",95000
"Business Analytics Specialist","5-7 years",127000
"Business Anayst","5-7 years",45000
"Business and Governance Lead","11 - 20 years",45000
"Business and Industry Specialist","5-7 years",103690
"Business Application Expert","11 - 20 years",124000
"Business Applications Delivery Manager","5-7 years",125161
"Business Architect","11 - 20 years",188434
"Business Conduct Specialist ","11 - 20 years",71000
"Business Consultant","8 - 10 years",209000
"Business Continuity Analyst","1 year or less",47000
"Business Continuity Analyst","8 - 10 years",58000
"Business Control Analyst ","21 - 30 years",99400
"Business Control Specialist","5-7 years",48000
"Business Controls Analyst ","11 - 20 years",61500
"Business Coordinator","11 - 20 years",56000
"Business design consultant","8 - 10 years",142000
"Business Design Consultant ","8 - 10 years",137000
"Business Development","11 - 20 years",169000
"Business development ","11 - 20 years",281000
"Business Development & Service Manager","8 - 10 years",63000
"Business Development Analyst","2 - 4 years",54000
"Business Development Director","21 - 30 years",207000
"Business Development Director","5-7 years",141000
"Business Development Director","8 - 10 years",80000
"Business Development Manager","1 year or less",56450
"Business development manager","11 - 20 years",497200
"Business Development Manager","2 - 4 years",42000
"Business Development manager","21 - 30 years",190000
"Business Development Manager","5-7 years",403340
"Business Development Manager","8 - 10 years",638500
"Business Development Manager ","8 - 10 years",170000
"Business Development Operations Director","11 - 20 years",125000
"Business Development Representative","8 - 10 years",60000
"Business Development Representative ","5-7 years",80000
"Business Development Specialist","8 - 10 years",69000
"Business Education Teacher-Private School","11 - 20 years",34500
"Business Immigration Consultant","5-7 years",77000
"Business Immigration Paralegal","2 - 4 years",58000
"Business Informaticist","8 - 10 years",68000
"Business Intelligence Analyst","1 year or less",76730
"Business Intelligence Analyst","11 - 20 years",138600
"Business Intelligence Analyst","2 - 4 years",106850
"Business Intelligence Analyst","21 - 30 years",104800
"Business Intelligence Analyst","31 - 40 years",105300
"Business Intelligence Analyst","5-7 years",148924
"Business Intelligence Analyst","8 - 10 years",70000
"Business Intelligence Analyst / Team Lead","31 - 40 years",120000
"Business Intelligence assistant ","8 - 10 years",22300
"Business Intelligence Associate","5-7 years",47500
"Business Intelligence developer","1 year or less",65000
"Business Intelligence Developer","11 - 20 years",139703
"business intelligence developer","8 - 10 years",104000
"Business Intelligence Engineer","11 - 20 years",203000
"Business Intelligence Engineer","8 - 10 years",185400
"Business intelligence lead","8 - 10 years",72000
"Business Intelligence Manager","11 - 20 years",185000
"Business Intelligence Manager","8 - 10 years",170000
"Business Intelligence Specialist","8 - 10 years",75000
"Business Intelligence Team Lead","5-7 years",120000
"Business lead ","5-7 years",345000
"Business Liaison Consultant 3","8 - 10 years",120000
"Business Librarian","5-7 years",43560
"Business Management Support","8 - 10 years",26350
"Business Manager","11 - 20 years",135700
"Business manager","2 - 4 years",140000
"Business Manager","21 - 30 years",429000
"Business Manager","5-7 years",171000
"Business Manager","8 - 10 years",87000
"Business Office Coordinator","2 - 4 years",41000
"Business Office Manager","2 - 4 years",62000
"Business Office Manager","8 - 10 years",52000
"Business Operations","11 - 20 years",82000
"Business Operations","5-7 years",298000
"Business Operations (Data Analyst)","8 - 10 years",122000
"Business operations administrator ","11 - 20 years",44000
"Business operations analyst","8 - 10 years",130400
"Business operations associate","2 - 4 years",110000
"Business Operations Coordinator ","11 - 20 years",59445
"Business Operations Manager","11 - 20 years",162428
"Business Operations Manager","8 - 10 years",177201
"Business operations manager ","2 - 4 years",72500
"Business Ops Analyst","5-7 years",79500
"Business Owner","11 - 20 years",186000
"Business planning ","5-7 years",95000
"Business Planning Manager","21 - 30 years",47000
"Business Process Consultant Logistics","11 - 20 years",77700
"Business Process Specialist","11 - 20 years",59780
"Business Program Manager","5-7 years",156000
"Business Risk Manager","31 - 40 years",155000
"Business Science and Chemistry Teaching Fellow","11 - 20 years",39400
"Business Service Coordinator","41 years or more",57400
"Business Services Supervisor","31 - 40 years",85600
"Business Software Analyst III","11 - 20 years",100000
"Business solutions analyst","2 - 4 years",63600
"Business Strategy Manager","5-7 years",160000
"Business Support","11 - 20 years",34000
"Business support analyst","31 - 40 years",68409
"Business Support Associate","8 - 10 years",45037
"Business Support Consultant","2 - 4 years",54000
"Business Support Consultant","21 - 30 years",67300
"Business Support Consultant 5","11 - 20 years",147835
"Business Support Manager","11 - 20 years",82375
"Business Support officer","8 - 10 years",40000
"Business Systems Administrator","21 - 30 years",67000
"Business Systems Analyst","11 - 20 years",726524
"Business systems analyst","2 - 4 years",136000
"Business Systems Analyst","21 - 30 years",85634
"Business systems analyst","5-7 years",151400
"Business Systems Analyst","8 - 10 years",184000
"Business Systems Analyst ","8 - 10 years",64000
"Business Systems Analyst II","8 - 10 years",93561
"Business Systems Analyst III","11 - 20 years",958000
"Business Systems Analyst III","21 - 30 years",108000
"Business Systems Manager","21 - 30 years",135000
"Business Systems Manager ","21 - 30 years",121000
"Business Technology Analyst","2 - 4 years",65500
"Business Technology Liaison ","8 - 10 years",51600
"Business Unit Controller","11 - 20 years",175000
"Businesses analyst manager ","8 - 10 years",135000
"Businesses development and communications coordinator ","5-7 years",48000
"Bussiness assistant","8 - 10 years",242567
Buyer,"11 - 20 years",230000
Buyer,"2 - 4 years",59150
Buyer,"21 - 30 years",54500
Buyer,"31 - 40 years",48500
Buyer,"5-7 years",400500
Buyer,"8 - 10 years",272050
"Buyer II","11 - 20 years",52000
"Bylaw Enforcement Officer","8 - 10 years",76500
"C# developer","21 - 30 years",46000
"CAD Design Manager","21 - 30 years",110000
"CAD designer","31 - 40 years",48000
"CAD Drafter","11 - 20 years",49924
"CAD Manager","21 - 30 years",80500
"CAD Technical Lead","11 - 20 years",26500
"CAD Technician","5-7 years",49720
"CAD Technician (senior)","31 - 40 years",68000
"Cake Decorator","11 - 20 years",97000
"calculation engineer","11 - 20 years",67000
"Call Center Operator (Customer Service)","5-7 years",33300
"Call Center Supervisor","5-7 years",53627
"Camera Hardware Engineer","5-7 years",215000
"Camp Director","5-7 years",47000
"Campaign Analyst","11 - 20 years",77000
"Campaign and Program Manager ","5-7 years",70680
"Campaign Development Specialist ","2 - 4 years",39000
"Campaign management ","5-7 years",76500
"Campaign Manager","11 - 20 years",235500
"Campaign Manager","2 - 4 years",68000
"Campaign Manager","5-7 years",234000
"Campaign Manager","8 - 10 years",52000
"Campaign Organizer","1 year or less",42000
"Campaign Specialist","11 - 20 years",75000
"Campus Career Center Manager","11 - 20 years",52798
"Campus planning project manager","21 - 30 years",72000
"Campus Recruiting Coordinator","5-7 years",64000
"Cancer Registry Supervisor","11 - 20 years",70054
"Candidate Experience Specialist","8 - 10 years",70000
"Candidate Research Associate","21 - 30 years",73000
"Capability program manager","8 - 10 years",52000
"Capacity Coordinator","11 - 20 years",60500
"Capital Markets Specialist","1 year or less",43680
"care assistant ","8 - 10 years",16286
"Care manager","11 - 20 years",47200
"Care manager","8 - 10 years",54000
"Care Professional","11 - 20 years",33280
"Care Worker","5-7 years",28000
"Career Advisor","11 - 20 years",44000
"Career Advisor","2 - 4 years",38500
"Career Advisor","8 - 10 years",71000
"Career associate attorney ","8 - 10 years",304000
"Career Coach","8 - 10 years",45000
"Career Counselor","11 - 20 years",76000
"Career Counselor","5-7 years",40600
"Career Law Clerk","11 - 20 years",119600
"Career Manager ","11 - 20 years",128000
"Career Navigator","11 - 20 years",47300
"Career Resource Specialist","8 - 10 years",64120
"Career Specialist","11 - 20 years",46000
"Careers Adviser","8 - 10 years",26000
"Careers Consultant","11 - 20 years",39000
"Careers Consultant","8 - 10 years",49500
Caregiver,"8 - 10 years",23800
Carpenter,"8 - 10 years",48000
cartoonist,"5-7 years",18000
"Case Coordinator","11 - 20 years",41000
"Case Investigator","1 year or less",98000
"Case Management Program Manager","11 - 20 years",69500
"case manager","1 year or less",52000
"case manager","11 - 20 years",241500
"Case manager","2 - 4 years",217900
"Case manager","5-7 years",223560
"Case Manager","8 - 10 years",222780
"Case Officer","11 - 20 years",80000
"Case worker","1 year or less",37274
Caseworker,"8 - 10 years",34112
"Cash App Officer","2 - 4 years",38000
"Cash apps supervisor","11 - 20 years",65400
"Cash Control Area Manager","11 - 20 years",70000
"Cash Logistics Manager","11 - 20 years",63500
"Cash Posting","21 - 30 years",40500
Cashier,"2 - 4 years",44080
Cashier,"21 - 30 years",27000
"Cashier ","1 year or less",20000
"Cashier ","2 - 4 years",22000
"Cashier ","21 - 30 years",52000
"Cashier (Aldi)","5-7 years",29200
"Cashier Assistant","8 - 10 years",18300
Cashier/Clerk,"1 year or less",18720
"Casino Marketing Executive ","11 - 20 years",105000
"Cat accident claims handler","21 - 30 years",35000
"Cataloger ","11 - 20 years",42000
"Cataloging Librarian","11 - 20 years",156000
Cataloguer,"1 year or less",20000
"Category Buyer","11 - 20 years",132000
"Category Lead","11 - 20 years",103500
"Category Management Specialist","11 - 20 years",112000
"Category Manager","11 - 20 years",130000
"Category Manager","21 - 30 years",103500
"Category Manager","8 - 10 years",139000
"Category manager ","11 - 20 years",150000
"Catering Assistant","2 - 4 years",18000
"CBAT Social Worker","5-7 years",60000
"CBT Therapist","1 year or less",38890
CCO,"11 - 20 years",135000
"CE Expert","21 - 30 years",40000
"Central Reference Manager ","11 - 20 years",61157
"Centre Director","11 - 20 years",30500
"Centre Facilitator","5-7 years",17000
CEO,"11 - 20 years",1662000
CEO,"21 - 30 years",873000
CEO,"31 - 40 years",682000
CEO,"8 - 10 years",311000
"Ceo ","11 - 20 years",177000
"CEO/Exec Director ","21 - 30 years",90000
CEO/President,"21 - 30 years",113500
"Ceramic Artist","11 - 20 years",300000
"Ceramics Teaching Assistant","11 - 20 years",35360
"Certification / Documentation Specialist","5-7 years",40000
"Certification engineer","1 year or less",47000
"Certification Manager","11 - 20 years",58000
"Certified Anesthesiologist Assistant ","1 year or less",165000
"Certified Coder","21 - 30 years",45000
"Certified Coder ","21 - 30 years",44600
"Certified Financial Planner","5-7 years",216000
"Certified Inpatient Coder","8 - 10 years",64184
"Certified Nurse Midwife","5-7 years",115000
"Certified Optical Supervisor","5-7 years",56745
"Certified Paralegal","8 - 10 years",35840
"Certified Pharmacy Technician","21 - 30 years",58000
"Certified Pharmacy Technician","8 - 10 years",64000
"certified prosthetic and orthotic assistant.","31 - 40 years",57000
"Certified prosthetist orthotist","11 - 20 years",79250
"CERTIFIED PUBLIC ACCOUNTANT","11 - 20 years",115000
"Certified Registered Nurse Anesthetist ","8 - 10 years",172500
"Certified veterinary technician","11 - 20 years",48000
CFO,"11 - 20 years",420000
CFO,"21 - 30 years",340009
CFO,"31 - 40 years",658400
CFO/COO,"11 - 20 years",323000
"CGI Animator / Digital Artist","8 - 10 years",55000
"Change & Internal Communications Manager","8 - 10 years",58600
"Change Management Director","11 - 20 years",200000
"Change Manager","11 - 20 years",260100
"Change Manager","2 - 4 years",30500
"Channel Development Manager","8 - 10 years",86500
"Channel Marketing","11 - 20 years",192000
"Channel Marketing Specialist","2 - 4 years",72500
Chaplain,"11 - 20 years",50000
"Chapter Lead Backend Development","11 - 20 years",90000
"Chapters & Conferences Liaison","21 - 30 years",57000
"character artist","11 - 20 years",127000
"Charge Nurse","11 - 20 years",64000
"Charge nurse","5-7 years",165400
"Chartered Accountant","8 - 10 years",36000
"Chartered accountant ","21 - 30 years",59000
"Chartered accountant (manager)","8 - 10 years",97000
"Chassis Maintainer","11 - 20 years",66850
Cheesemonger,"11 - 20 years",52000
Chef,"1 year or less",50000
"Chef and Recipe Developer","8 - 10 years",90750
"Chemical Engineer","1 year or less",61000
"Chemical Engineer","2 - 4 years",97000
"Chemical Engineer","5-7 years",97500
"Chemical Technician","11 - 20 years",50113
"Chemical Technician II ","11 - 20 years",59000
Chemist,"11 - 20 years",257282
Chemist,"2 - 4 years",59535
Chemist,"5-7 years",156000
Chemist,"8 - 10 years",176486
"Chemist ","11 - 20 years",119000
"Chemist IV","31 - 40 years",56000
"Chemistry Laboratory Specialist","5-7 years",46040
"Chemistry PhD student","5-7 years",35000
"Chief Accountant","11 - 20 years",78000
"Chief Advancement Officer","21 - 30 years",440000
"Chief Commercial Officer","21 - 30 years",86000
"Chief Compliance Officer","21 - 30 years",130000
"Chief compliance officer","5-7 years",62000
"Chief Compliance Officer/Operations Manager","31 - 40 years",127000
"Chief Counsel","21 - 30 years",432000
"Chief Counsel","31 - 40 years",256300
"Chief Data Scientist","5-7 years",340
"Chief Data Scientist","8 - 10 years",130
"Chief Deputy Director","21 - 30 years",187000
"Chief Development Officer","11 - 20 years",210000
"Chief Digital and Information Officer","31 - 40 years",130000
"Chief Engineer","21 - 30 years",381000
"Chief Engineer","31 - 40 years",95000
"Chief Executive Officer","11 - 20 years",280000
"Chief External Affairs Officer","21 - 30 years",87500
"Chief Financial Officer","11 - 20 years",566500
"Chief Fiscal Officer","11 - 20 years",53
"Chief HR Officer","11 - 20 years",150000
"Chief Information Officer","11 - 20 years",200000
"Chief Information Officer","21 - 30 years",135000
"Chief Information Officer","31 - 40 years",269000
"Chief Information Security Officer","21 - 30 years",165000
"Chief Intellectual Property Counsel","21 - 30 years",237000
"Chief Legal Counsel","11 - 20 years",76350
"Chief Marketing and Development Officer","11 - 20 years",130000
"Chief Marketing Officer","11 - 20 years",145000
"Chief Marketing Officer","21 - 30 years",505000
"Chief Metallurgist","11 - 20 years",155000
"Chief of Communications","21 - 30 years",111000
"Chief of Operations, University Development","21 - 30 years",134000
"Chief of Pathology","21 - 30 years",420000
"Chief of Staff","11 - 20 years",1860000
"Chief of Staff","21 - 30 years",185000
"Chief of Staff","5-7 years",265800
"Chief of Staff","8 - 10 years",496400
"Chief of Staff ","11 - 20 years",201000
"Chief Of Staff ","21 - 30 years",184800
"Chief of staff ","8 - 10 years",85000
"Chief of Staff (to a university senior administrator)","11 - 20 years",80000
"Chief of Staff, Customer Experience","21 - 30 years",259000
"Chief Operating Officer","11 - 20 years",784500
"Chief Operating Officer","31 - 40 years",98600
"Chief Operations Officer","11 - 20 years",102000
"Chief Operations Officer","8 - 10 years",180000
"Chief People Officer","11 - 20 years",321759
"Chief Privacy Officer/Counsel","11 - 20 years",260000
"Chief Product Officer","21 - 30 years",598000
"Chief Programs Officer","11 - 20 years",120000
"Chief Risk Officer","11 - 20 years",225000
"Chief Risk Officer","21 - 30 years",195000
"Chief Strategy Officer","11 - 20 years",125000
"Chief Talent Officer","11 - 20 years",182000
"Chief Technologist","21 - 30 years",174000
"Chief Technology Officer","11 - 20 years",335000
"Chief technology officer","21 - 30 years",520000
"Chief technology officer ","5-7 years",107000
"Chief X Officer","21 - 30 years",900000
"Child and Adolescent psychologist ","2 - 4 years",91000
"Child Care Center Licensor","8 - 10 years",68000
"Child Protective Services Case Worker","5-7 years",75000
"Child Support Specialist","11 - 20 years",43974
"Child welfare specialist IV","5-7 years",50000
"Childcare Worker","21 - 30 years",33800
childminder,"5-7 years",19000
"Children's Librarian","11 - 20 years",39000
"Children's Librarian","8 - 10 years",77000
"Children's Services Coordinator","11 - 20 years",81916
"Children's Services Librarian","11 - 20 years",55250
"Children's Supervisor","8 - 10 years",65000
"Childrenâ€™s Ministry Director ","8 - 10 years",42000
"Childrenâ€™s Pastor ","5-7 years",36600
"Childrens projects manager","5-7 years",31500
"Chiropractic Assistant","8 - 10 years",29120
"Chiropractic Assistant/Front Desk","1 year or less",22300
"CHRO ","21 - 30 years",80000
"Church Administrator","11 - 20 years",37500
CIO,"21 - 30 years",224000
"Circulation Coordinator","2 - 4 years",43750
"Circulation Specialist","5-7 years",31200
"Circulation Supervisor","8 - 10 years",65984
CISO,"21 - 30 years",225000
"City Clerk","11 - 20 years",54250
"City Planner","8 - 10 years",158000
"city planner ","21 - 30 years",99000
"City Research Scientist","5-7 years",86000
"City Research Scientist II","5-7 years",87000
"Civic Engagement Manager ","11 - 20 years",72000
"Civil / Environmental Engineer","11 - 20 years",69000
"Civil Designer ","5-7 years",74600
"Civil Engineer","11 - 20 years",398000
